Tatiana, Hynek, Trifon, Táňa, Girron
Erik, Erika, Aida
Blažej, Celerín, Celerína
Veronika, Nika, Verena, Verona
Agáta, Moderát, Modest, Leda, Moderáta, Modesta
Dorota, Dorisa, Titanila
Vanda, Romuald
Zoja, Aranka, Zoe
Zdenko, Rainold, Rinaldo, Zdeno, Apolena, Apoliena, Apolónia
Gabriela, Scholastika, Školastika
Dezider, Želislav, Dezidera, Želislava
Perla, Ron, Ronald, Zoro, Zoroslav, Eulália, Slavena, Solveiga, Zoroslava
Arpád, Jordán, Jordána
Valentín, Velimír
Pravoslav, Faust, Faustína, Georgia, Georgína, Pravoslava
Ida, Liana, Pamfil, Pamfília
Miloslava, Flavián, Flávius, Silván, Silvín, Flávia, Milomíra, Miluša, Silvána
Jaromír, Simeon, Jaromíra, Konkordia, Bernadetta
Vlasta, Konrád, Kurt
Lívia, Aladár, Lívio, Lívius, Udo, Ulrich, Alma, Ulrika, Ulriška, Aimee
Eleonóra
Etela, Etel
Roman, Romana, Romina
Matej, Jazmína, Goran, Mateja, Matias, Mateo, Matiáš, Yasmine, Jasmína
Frederik, Frederika, Taras, Federika
Viktor, Porfýr, Edina
Alexander, Leander, Sandro, Skender, Drahotína, Dražica, Leandra
Zlatica, Elemír, Elo, Lumír, Zlata
Radomír, Radomíra